frame,r_dist,rho_dist,theta
0,0.7525341350849859,0.6532173309788618,204.02950296331446
1,0.6884644124756854,0.6051325572786791,199.40651058448844
2,0.7301850140493438,0.6151189671712545,205.1908459950197
3,0.6581530840831366,0.5461485827547681,199.5418491700075
4,0.7076045851028735,0.5391943997081521,204.01539376603003
5,0.7258916447122998,0.6348347319814794,201.32674943041098
6,0.7492921565058921,0.6414156873917684,205.9290733379853
7,0.7148489137149151,0.6035165266360799,202.88428207321357
8,0.734487259464488,0.5541248483319401,217.30010610261004
9,0.7398278510090296,0.5593917233665613,209.62120248934949
