frame,r_dist,rho_dist,theta
0,0.7525341350849859,0.6532182419922059,155.97057059768312
1,0.6884638015630404,0.6051325790494173,160.59336430859562
2,0.7301850311009547,0.6151178830855862,154.80935441048317
3,0.6581530863854409,0.5461485903094575,160.45814340256075
4,0.7076048086193814,0.5391935298605154,155.9849650883911
5,0.7258922436283981,0.6348330430014735,158.6733158791734
6,0.7492919280863342,0.6414161671170618,154.070727564175
7,0.7148489137149151,0.6035162411882317,157.11578212937908
8,0.7344864584817493,0.5541238087368028,142.69974226746473
9,0.7398277547885926,0.5593919054282167,150.37875382113953
