frame,r_dist,rho_dist,theta
0,0.7525341,0.65321726,204.0293741752823
1,0.6884647,0.6051326,199.40666403269645
2,0.7301849,0.6151187,205.19092615040245
3,0.65815306,0.54614824,199.54199374304574
4,0.7076044,0.5391944,204.0154065463987
5,0.72589177,0.63483506,201.32668395376186
6,0.7492925,0.6414161,205.92921114175365
7,0.71484894,0.6035163,202.88441276229827
8,0.73448765,0.5541252,217.30016010970007
9,0.7398275,0.55939144,209.62106170550553
