frame,r_dist,rho_dist,theta
0,1.6172180678739685,1.5531454549760744,17.49310626729836
1,1.722826260388353,1.6359466525095854,19.714552790757214
2,1.6851314897599208,1.6516480451835527,27.863398839746534
3,1.6431507475986584,1.575600562999935,33.85815156417427
4,1.7033750727544115,1.6105697594120474,16.695184062462403
5,1.6758974362407408,1.6617008905742912,19.187714325299208
6,1.7425061603333096,1.7253327653991375,7.5476766079989766
7,1.7722461972082357,1.7322151027300263,13.920100703274144
8,1.7376113774148076,1.6822224271193191,5.31271410698154
9,1.71585188599954,1.6407360826869593,6.296528332769277
